animal,overall
cat,4.560846560846561
flamingo,4.425925925925926
raccoon,4.407407407407407
pelican,4.380952380952381
heron,4.177248677248677
whale,4.174603174603175
otter,4.156084656084656
antelope,3.931216931216931
