animal,animal_rating
cat,4.634920634920635
whale,4.619047619047619
raccoon,4.476190476190476
heron,4.420634920634921
antelope,4.214285714285714
pelican,4.079365079365079
flamingo,4.071428571428571
otter,3.9523809523809526
