model,pelican_bicycle,expected,residual
x-ai/grok-4.5,4.333333333333333,4.164351851851852,0.16898148148148096
z-ai/glm-5.2,4.333333333333333,4.358796296296297,-0.025462962962963687
google/gemini-3.5-flash,4.555555555555556,4.592592592592593,-0.03703703703703631
qwen/qwen3.7-max,4.222222222222222,4.273148148148149,-0.050925925925926485
openai/gpt-5.6-terra,4.444444444444444,4.50462962962963,-0.06018518518518601
anthropic/claude-sonnet-5,3.6666666666666665,3.884259259259259,-0.21759259259259256
deepseek/deepseek-v4-pro,4.0,4.2430555555555545,-0.24305555555555447
