model,pelican_bicycle,expected,residual
z-ai/glm-5.2,4.222222222222222,4.037037037037037,0.18518518518518512
openai/gpt-5.6-terra,4.333333333333333,4.1782407407407405,0.15509259259259256
qwen/qwen3.7-max,4.222222222222222,4.157407407407407,0.06481481481481488
x-ai/grok-4.5,3.5555555555555554,3.6180555555555562,-0.06250000000000089
deepseek/deepseek-v4-pro,3.8888888888888893,4.002314814814814,-0.11342592592592471
google/gemini-3.5-flash,3.888888888888889,4.127314814814815,-0.23842592592592604
anthropic/claude-sonnet-5,3.111111111111111,3.606481481481482,-0.4953703703703707
