model,pelican,other_animals,pelican_gap,bicycle,other_vehicles,bicycle_gap
x-ai/grok-4.5,4.666666666666667,4.404761904761905,0.26190476190476186,4.125,4.275,-0.15000000000000036
qwen/qwen3.7-max,4.611111111111111,4.444444444444445,0.16666666666666607,4.416666666666667,4.55,-0.13333333333333286
deepseek/deepseek-v4-pro,4.611111111111111,4.4523809523809526,0.15873015873015817,4.166666666666667,4.391666666666667,-0.22499999999999964
openai/gpt-5.6-terra,4.944444444444445,4.809523809523809,0.13492063492063533,4.333333333333333,4.508333333333334,-0.1750000000000007
google/gemini-3.5-flash,4.611111111111111,4.698412698412699,-0.08730158730158788,4.708333333333333,4.475,0.2333333333333334
z-ai/glm-5.2,4.444444444444445,4.563492063492063,-0.11904761904761862,4.333333333333333,4.258333333333334,0.07499999999999929
anthropic/claude-sonnet-5,3.9444444444444446,4.285714285714286,-0.34126984126984095,3.9166666666666665,3.683333333333333,0.2333333333333334
