model,pelican,other_animals,pelican_gap,bicycle,other_vehicles,bicycle_gap
deepseek/deepseek-v4-pro,4.277777777777778,4.253968253968254,0.023809523809523725,3.875,4.608333333333333,-0.7333333333333334
z-ai/glm-5.2,4.222222222222222,4.285714285714286,-0.06349206349206327,3.75,4.325,-0.5750000000000002
qwen/qwen3.7-max,4.222222222222222,4.388888888888889,-0.16666666666666696,3.8333333333333335,4.691666666666666,-0.858333333333333
google/gemini-3.5-flash,4.111111111111111,4.365079365079365,-0.25396825396825395,4.625,4.566666666666666,0.05833333333333357
openai/gpt-5.6-terra,4.444444444444445,4.714285714285714,-0.26984126984126977,4.083333333333333,4.466666666666667,-0.38333333333333375
x-ai/grok-4.5,3.8333333333333335,4.158730158730159,-0.3253968253968256,3.7083333333333335,4.566666666666666,-0.858333333333333
anthropic/claude-sonnet-5,3.4444444444444446,4.222222222222222,-0.7777777777777777,3.4166666666666665,4.225,-0.8083333333333331
