vehicle,vehicle_rating
skateboard,4.642857142857143
boat,4.571428571428571
scooter,4.321428571428571
unicycle,4.321428571428571
bicycle,4.285714285714286
plane,3.6726190476190474
