vehicle,vehicle_rating
boat,4.934523809523809
skateboard,4.892857142857143
scooter,4.779761904761905
unicycle,3.982142857142857
bicycle,3.8988095238095237
plane,3.875
